;fabric_width(m);slice_tuple;total_slice;waste;qty;total_qty;%_of_total;%_of_valuable;%_of_waste
594;3.0;0.5;0.5;2.5;106;748;0.14171122994652408;0.16666666666666666;0.8333333333333334
604;3.0;0.6;0.6;2.4;86;748;0.11497326203208556;0.19999999999999998;0.7999999999999999
619;3.0;1.4|1.6|;3.0;0.0;71;748;0.09491978609625669;1.0;0.0
582;3.0;0.4;0.4;2.6;48;748;0.06417112299465241;0.13333333333333333;0.8666666666666667
599;3.0;0.6|0.8|;1.4;1.6;45;748;0.06016042780748663;0.4666666666666666;0.5333333333333333
621;3.0;1.63;1.63;1.37;42;748;0.05614973262032086;0.5433333333333333;0.4566666666666667
616;3.0;1.0;1.0;2.0;38;748;0.05080213903743316;0.3333333333333333;0.6666666666666666
614;3.0;0.9;0.9;2.1;36;748;0.0481283422459893;0.3;0.7000000000000001
601;3.0;0.6|1.2|;1.7999999999999998;1.2000000000000002;31;748;0.04144385026737968;0.6;0.4000000000000001
611;3.0;0.8|1.0|1.2;3.0;0.0;23;748;0.03074866310160428;1.0;0.0
610;3.0;0.7;0.7;2.3;19;748;0.02540106951871658;0.2333333333333333;0.7666666666666666
606;3.0;0.7|0.8|;1.5;1.5;18;748;0.02406417112299465;0.5;0.5
577;3.0;0.4|0.6|;1.0;2.0;15;748;0.020053475935828877;0.3333333333333333;0.6666666666666666
575;3.0;0.4|0.5|;0.9;2.1;13;748;0.017379679144385027;0.3;0.7000000000000001
600;3.0;0.6|0.9|;1.5;1.5;12;748;0.016042780748663103;0.5;0.5
618;3.0;1.2;1.2;1.8;12;748;0.016042780748663103;0.39999999999999997;0.6
608;3.0;0.7|1.0|1.2;2.9;0.10000000000000009;11;748;0.014705882352941176;0.9666666666666667;0.03333333333333336
623;3.0;1.78;1.78;1.22;11;748;0.014705882352941176;0.5933333333333334;0.4066666666666667
573;3.0;0.4|0.5|0.7;1.6;1.4;10;748;0.013368983957219251;0.5333333333333333;0.4666666666666666
607;3.0;0.7|0.9|;1.6;1.4;10;748;0.013368983957219251;0.5333333333333333;0.4666666666666666
613;3.0;0.9|1.2|;2.1;0.8999999999999999;8;748;0.0106951871657754;0.7000000000000001;0.3
572;3.0;0.4|0.5|0.6;1.5;1.5;5;748;0.0066844919786096255;0.5;0.5
579;3.0;0.4|0.7|;1.1;1.9;5;748;0.0066844919786096255;0.3666666666666667;0.6333333333333333
587;3.0;0.5|0.6|0.7;1.8;1.2;5;748;0.0066844919786096255;0.6;0.39999999999999997
590;3.0;0.5|0.8|0.9;2.2;0.7999999999999998;5;748;0.0066844919786096255;0.7333333333333334;0.2666666666666666
576;3.0;0.4|0.6|0.8;1.8;1.2;4;748;0.0053475935828877;0.6;0.39999999999999997
586;3.0;0.5|0.5|;1.0;2.0;4;748;0.0053475935828877;0.3333333333333333;0.6666666666666666
588;3.0;0.5|0.6|;1.1;1.9;4;748;0.0053475935828877;0.3666666666666667;0.6333333333333333
593;3.0;0.5|1.2|;1.7;1.3;4;748;0.0053475935828877;0.5666666666666667;0.43333333333333335
620;3.0;1.4;1.4;1.6;4;748;0.0053475935828877;0.4666666666666666;0.5333333333333333
571;3.0;0.4|0.5|0.6|0.8|;2.3;0.7000000000000002;3;748;0.004010695187165776;0.7666666666666666;0.2333333333333334
574;3.0;0.4|0.5|0.8;1.7000000000000002;1.2999999999999998;3;748;0.004010695187165776;0.5666666666666668;0.4333333333333333
589;3.0;0.5|0.7|;1.2;1.8;3;748;0.004010695187165776;0.39999999999999997;0.6
596;3.0;0.6|0.6|;1.2;1.8;3;748;0.004010695187165776;0.39999999999999997;0.6
609;3.0;0.7|1.0|;1.7;1.3;3;748;0.004010695187165776;0.5666666666666667;0.43333333333333335
615;3.0;1.0|1.2|;2.2;0.7999999999999998;3;748;0.004010695187165776;0.7333333333333334;0.2666666666666666
580;3.0;0.4|0.9|;1.3;1.7;2;748;0.00267379679144385;0.43333333333333335;0.5666666666666667
591;3.0;0.5|0.8|1.2;2.5;0.5;2;748;0.00267379679144385;0.8333333333333334;0.16666666666666666
592;3.0;0.5|0.8|;1.3;1.7;2;748;0.00267379679144385;0.43333333333333335;0.5666666666666667
595;3.0;0.6|0.6|0.6;1.7999999999999998;1.2000000000000002;2;748;0.00267379679144385;0.6;0.4000000000000001
597;3.0;0.6|0.7|;1.2999999999999998;1.7000000000000002;2;748;0.00267379679144385;0.4333333333333333;0.5666666666666668
612;3.0;0.8|1.4|;2.2;0.7999999999999998;2;748;0.00267379679144385;0.7333333333333334;0.2666666666666666
569;3.0;0.4|0.4|0.4|0.4|0.6|0.6|;2.8000000000000003;0.19999999999999973;1;748;0.001336898395721925;0.9333333333333335;0.06666666666666658
570;3.0;0.4|0.4|0.6;1.4;1.6;1;748;0.001336898395721925;0.4666666666666666;0.5333333333333333
578;3.0;0.4|0.7|0.8;1.9000000000000001;1.0999999999999999;1;748;0.001336898395721925;0.6333333333333334;0.36666666666666664
581;3.0;0.4|1.2|;1.6;1.4;1;748;0.001336898395721925;0.5333333333333333;0.4666666666666666
583;3.0;0.5|0.5|0.5|0.5|0.5|0.5|;3.0;0.0;1;748;0.001336898395721925;1.0;0.0
584;3.0;0.5|0.5|0.5|0.5|0.5;2.5;0.5;1;748;0.001336898395721925;0.8333333333333334;0.16666666666666666
585;3.0;0.5|0.5|0.5;1.5;1.5;1;748;0.001336898395721925;0.5;0.5
598;3.0;0.6|0.8|0.8;2.2;0.7999999999999998;1;748;0.001336898395721925;0.7333333333333334;0.2666666666666666
602;3.0;0.6|1.4|;2.0;1.0;1;748;0.001336898395721925;0.6666666666666666;0.3333333333333333
603;3.0;0.6|1.6|;2.2;0.7999999999999998;1;748;0.001336898395721925;0.7333333333333334;0.2666666666666666
605;3.0;0.7|0.7|;1.4;1.6;1;748;0.001336898395721925;0.4666666666666666;0.5333333333333333
617;3.0;1.2|1.6|;2.8;0.20000000000000018;1;748;0.001336898395721925;0.9333333333333332;0.06666666666666672
622;3.0;1.6;1.6;1.4;1;748;0.001336898395721925;0.5333333333333333;0.4666666666666666
555;2.8;0.6|1.6|;2.2;0.5999999999999996;28;294;0.09523809523809523;0.7857142857142858;0.21428571428571416
556;2.8;0.6;0.6;2.1999999999999997;27;294;0.09183673469387756;0.2142857142857143;0.7857142857142857
548;2.8;0.5|0.6|;1.1;1.6999999999999997;25;294;0.08503401360544217;0.3928571428571429;0.6071428571428571
557;2.8;0.8|1.0|;1.8;0.9999999999999998;24;294;0.08163265306122448;0.6428571428571429;0.3571428571428571
567;2.8;1.78;1.78;1.0199999999999998;22;294;0.07482993197278912;0.6357142857142858;0.3642857142857142
553;2.8;0.6|0.8|;1.4;1.4;19;294;0.06462585034013606;0.5;0.5
541;2.8;0.4|0.5|;0.9;1.9;16;294;0.05442176870748299;0.32142857142857145;0.6785714285714286
547;2.8;0.4;0.4;2.4;15;294;0.05102040816326531;0.14285714285714288;0.8571428571428572
563;2.8;1.0;1.0;1.7999999999999998;12;294;0.04081632653061224;0.35714285714285715;0.6428571428571428
565;2.8;1.4;1.4;1.4;12;294;0.04081632653061224;0.5;0.5
543;2.8;0.4|0.6|;1.0;1.7999999999999998;11;294;0.03741496598639456;0.35714285714285715;0.6428571428571428
549;2.8;0.5|0.8|;1.3;1.4999999999999998;11;294;0.03741496598639456;0.46428571428571436;0.5357142857142857
550;2.8;0.5;0.5;2.3;10;294;0.034013605442176874;0.17857142857142858;0.8214285714285714
564;2.8;1.2|1.6|;2.8;0.0;10;294;0.034013605442176874;1.0;0.0
568;2.8;1.8;1.8;0.9999999999999998;8;294;0.027210884353741496;0.6428571428571429;0.3571428571428571
558;2.8;0.8|1.2|;2.0;0.7999999999999998;7;294;0.023809523809523808;0.7142857142857143;0.28571428571428564
544;2.8;0.4|0.8|;1.2000000000000002;1.5999999999999996;6;294;0.02040816326530612;0.42857142857142866;0.5714285714285713
540;2.8;0.29;0.29;2.51;5;294;0.017006802721088437;0.10357142857142856;0.8964285714285715
545;2.8;0.4|1.2|;1.6;1.1999999999999997;5;294;0.017006802721088437;0.5714285714285715;0.4285714285714285
566;2.8;1.6;1.6;1.1999999999999997;5;294;0.017006802721088437;0.5714285714285715;0.4285714285714285
554;2.8;0.6|1.4|;2.0;0.7999999999999998;4;294;0.013605442176870748;0.7142857142857143;0.28571428571428564
562;2.8;1.0|1.8|;2.8;0.0;3;294;0.01020408163265306;1.0;0.0
559;2.8;0.8;0.8;1.9999999999999998;2;294;0.006802721088435374;0.28571428571428575;0.7142857142857143
561;2.8;0.9;0.9;1.9;2;294;0.006802721088435374;0.32142857142857145;0.6785714285714286
542;2.8;0.4|0.6|0.6;1.6;1.1999999999999997;1;294;0.003401360544217687;0.5714285714285715;0.4285714285714285
546;2.8;0.4|1.6|;2.0;0.7999999999999998;1;294;0.003401360544217687;0.7142857142857143;0.28571428571428564
551;2.8;0.6|0.6|1.6;2.8;0.0;1;294;0.003401360544217687;1.0;0.0
552;2.8;0.6|0.6|;1.2;1.5999999999999999;1;294;0.003401360544217687;0.4285714285714286;0.5714285714285714
560;2.8;0.9|0.9|;1.8;0.9999999999999998;1;294;0.003401360544217687;0.6428571428571429;0.3571428571428571
518;2.5;0.5;0.5;2.0;109;635;0.17165354330708663;0.2;0.8
525;2.5;0.6;0.6;1.9;82;635;0.12913385826771653;0.24;0.76
537;2.5;1.63;1.63;0.8700000000000001;47;635;0.07401574803149606;0.6519999999999999;0.34800000000000003
502;2.5;0.4;0.4;2.1;42;635;0.06614173228346457;0.16;0.8400000000000001
520;2.5;0.6|0.7|1.2;2.5;0.0;37;635;0.05826771653543307;1.0;0.0
535;2.5;1.2;1.2;1.3;34;635;0.05354330708661417;0.48;0.52
532;2.5;0.8;0.8;1.7;32;635;0.050393700787401574;0.32;0.6799999999999999
495;2.5;0.4|0.5|0.8;1.7000000000000002;0.7999999999999998;31;635;0.048818897637795275;0.68;0.31999999999999995
538;2.5;1.6;1.6;0.8999999999999999;21;635;0.03307086614173228;0.64;0.36
536;2.5;1.4;1.4;1.1;19;635;0.029921259842519685;0.5599999999999999;0.44000000000000006
533;2.5;0.9;0.9;1.6;17;635;0.026771653543307086;0.36;0.64
508;2.5;0.5|0.6|0.7;1.8;0.7;13;635;0.02047244094488189;0.72;0.27999999999999997
510;2.5;0.5|0.6|;1.1;1.4;13;635;0.02047244094488189;0.44000000000000006;0.5599999999999999
513;2.5;0.5|0.7|;1.2;1.3;11;635;0.01732283464566929;0.48;0.52
526;2.5;0.7|0.8|1.0;2.5;0.0;11;635;0.01732283464566929;1.0;0.0
529;2.5;0.7;0.7;1.8;10;635;0.015748031496062992;0.27999999999999997;0.72
503;2.5;0.55|0.7|;1.25;1.25;9;635;0.014173228346456693;0.5;0.5
509;2.5;0.5|0.6|0.8;1.9000000000000001;0.5999999999999999;9;635;0.014173228346456693;0.76;0.23999999999999994
496;2.5;0.4|0.5|;0.9;1.6;8;635;0.012598425196850394;0.36;0.64
521;2.5;0.6|0.7|;1.2999999999999998;1.2000000000000002;8;635;0.012598425196850394;0.5199999999999999;0.4800000000000001
517;2.5;0.5|1.0|;1.5;1.0;6;635;0.009448818897637795;0.6;0.4
534;2.5;1.0;1.0;1.5;6;635;0.009448818897637795;0.4;0.6
539;2.5;1.78;1.78;0.72;6;635;0.009448818897637795;0.712;0.288
504;2.5;0.55;0.55;1.95;5;635;0.007874015748031496;0.22000000000000003;0.78
498;2.5;0.4|0.7|;1.1;1.4;4;635;0.006299212598425197;0.44000000000000006;0.5599999999999999
527;2.5;0.7|0.9|;1.6;0.8999999999999999;4;635;0.006299212598425197;0.64;0.36
531;2.5;0.8|0.9|;1.7000000000000002;0.7999999999999998;4;635;0.006299212598425197;0.68;0.31999999999999995
494;2.5;0.4|0.5|0.7|0.8|;2.4000000000000004;0.09999999999999964;3;635;0.004724409448818898;0.9600000000000002;0.039999999999999855
499;2.5;0.4|0.8|1.2;2.4000000000000004;0.09999999999999964;3;635;0.004724409448818898;0.9600000000000002;0.039999999999999855
507;2.5;0.5|0.5|;1.0;1.5;3;635;0.004724409448818898;0.4;0.6
519;2.5;0.6|0.6|;1.2;1.3;3;635;0.004724409448818898;0.48;0.52
523;2.5;0.6|0.9|;1.5;1.0;3;635;0.004724409448818898;0.6;0.4
524;2.5;0.6|1.2|;1.7999999999999998;0.7000000000000002;3;635;0.004724409448818898;0.72;0.2800000000000001
493;2.5;0.4|0.5|0.6;1.5;1.0;2;635;0.0031496062992125984;0.6;0.4
501;2.5;0.4|1.0|;1.4;1.1;2;635;0.0031496062992125984;0.5599999999999999;0.44000000000000006
506;2.5;0.5|0.5|0.5;1.5;1.0;2;635;0.0031496062992125984;0.6;0.4
512;2.5;0.5|0.7|1.2;2.4;0.10000000000000009;2;635;0.0031496062992125984;0.96;0.040000000000000036
514;2.5;0.5|0.8|1.2;2.5;0.0;2;635;0.0031496062992125984;1.0;0.0
497;2.5;0.4|0.6|;1.0;1.5;1;635;0.0015748031496062992;0.4;0.6
500;2.5;0.4|0.9|1.2;2.5;0.0;1;635;0.0015748031496062992;1.0;0.0
505;2.5;0.5|0.55|;1.05;1.45;1;635;0.0015748031496062992;0.42000000000000004;0.58
511;2.5;0.5|0.7|0.8;2.0;0.5;1;635;0.0015748031496062992;0.8;0.2
515;2.5;0.5|0.8|;1.3;1.2;1;635;0.0015748031496062992;0.52;0.48
516;2.5;0.5|0.9|;1.4;1.1;1;635;0.0015748031496062992;0.5599999999999999;0.44000000000000006
522;2.5;0.6|0.8|;1.4;1.1;1;635;0.0015748031496062992;0.5599999999999999;0.44000000000000006
528;2.5;0.7|1.2|;1.9;0.6000000000000001;1;635;0.0015748031496062992;0.76;0.24000000000000005
530;2.5;0.8|0.8|;1.6;0.8999999999999999;1;635;0.0015748031496062992;0.64;0.36
465;2.4;0.6;0.6;1.7999999999999998;511;2694;0.1896807720861173;0.25;0.75
421;2.4;0.4|0.5|;0.9;1.5;304;2694;0.11284335560504825;0.375;0.625
477;2.4;0.8;0.8;1.5999999999999999;254;2694;0.09428359317000742;0.33333333333333337;0.6666666666666666
481;2.4;1.0|1.4|;2.4;0.0;249;2694;0.09242761692650334;1.0;0.0
476;2.4;0.8|1.6|;2.4000000000000004;-4.440892098500626e-16;233;2694;0.08648849294729027;1.0000000000000002;-1.8503717077085943e-16
484;2.4;1.2;1.2;1.2;204;2694;0.0757238307349666;0.5;0.5
447;2.4;0.5;0.5;1.9;135;2694;0.05011135857461024;0.20833333333333334;0.7916666666666666
431;2.4;0.4;0.4;2.0;100;2694;0.03711952487008166;0.16666666666666669;0.8333333333333334
482;2.4;1.0;1.0;1.4;80;2694;0.02969561989606533;0.4166666666666667;0.5833333333333334
445;2.4;0.5|1.4|;1.9;0.5;63;2694;0.02338530066815145;0.7916666666666666;0.20833333333333334
463;2.4;0.6|1.6|;2.2;0.19999999999999973;54;2694;0.0200445434298441;0.9166666666666667;0.08333333333333323
428;2.4;0.4|1.0|;1.4;1.0;50;2694;0.01855976243504083;0.5833333333333334;0.4166666666666667
488;2.4;1.6;1.6;0.7999999999999998;40;2694;0.014847809948032665;0.6666666666666667;0.33333333333333326
464;2.4;0.6|1.8|;2.4;0.0;35;2694;0.012991833704528583;1.0;0.0
457;2.4;0.6|0.8|1.0;2.4;0.0;31;2694;0.011507052709725315;1.0;0.0
486;2.4;1.4;1.4;1.0;30;2694;0.011135857461024499;0.5833333333333334;0.4166666666666667
440;2.4;0.5|0.6|0.8;1.9000000000000001;0.4999999999999998;21;2694;0.0077951002227171495;0.7916666666666667;0.20833333333333326
480;2.4;1.0|1.2|;2.2;0.19999999999999973;19;2694;0.007052709725315516;0.9166666666666667;0.08333333333333323
430;2.4;0.4|1.6|;2.0;0.3999999999999999;15;2694;0.005567928730512249;0.8333333333333334;0.16666666666666663
461;2.4;0.6|1.2|;1.7999999999999998;0.6000000000000001;14;2694;0.005196733481811433;0.75;0.25000000000000006
472;2.4;0.7;0.7;1.7;14;2694;0.005196733481811433;0.2916666666666667;0.7083333333333334
475;2.4;0.8|1.4|;2.2;0.19999999999999973;14;2694;0.005196733481811433;0.9166666666666667;0.08333333333333323
489;2.4;1.78;1.78;0.6199999999999999;14;2694;0.005196733481811433;0.7416666666666667;0.2583333333333333
479;2.4;0.9;0.9;1.5;13;2694;0.004825538233110616;0.375;0.625
423;2.4;0.4|0.6|1.4;2.4;0.0;11;2694;0.004083147735708983;1.0;0.0
441;2.4;0.5|0.6|;1.1;1.2999999999999998;11;2694;0.004083147735708983;0.45833333333333337;0.5416666666666666
490;2.4;1.8;1.8;0.5999999999999999;11;2694;0.004083147735708983;0.75;0.24999999999999994
437;2.4;0.5|0.5|0.6|0.6|;2.2;0.19999999999999973;10;2694;0.003711952487008166;0.9166666666666667;0.08333333333333323
492;2.4;2.2;2.2;0.19999999999999973;10;2694;0.003711952487008166;0.9166666666666667;0.08333333333333323
460;2.4;0.6|1.0|;1.6;0.7999999999999998;9;2694;0.0033407572383073497;0.6666666666666667;0.33333333333333326
462;2.4;0.6|1.4|;2.0;0.3999999999999999;9;2694;0.0033407572383073497;0.8333333333333334;0.16666666666666663
468;2.4;0.7|1.0|;1.7;0.7;7;2694;0.0025983667409057165;0.7083333333333334;0.2916666666666667
491;2.4;2.0;2.0;0.3999999999999999;7;2694;0.0025983667409057165;0.8333333333333334;0.16666666666666663
429;2.4;0.4|1.4|;1.7999999999999998;0.6000000000000001;6;2694;0.0022271714922048997;0.75;0.25000000000000006
451;2.4;0.65;0.65;1.75;6;2694;0.0022271714922048997;0.27083333333333337;0.7291666666666667
420;2.4;0.4|0.5|1.0;1.9;0.5;5;2694;0.001855976243504083;0.7916666666666666;0.20833333333333334
458;2.4;0.6|0.8|;1.4;1.0;5;2694;0.001855976243504083;0.5833333333333334;0.4166666666666667
487;2.4;1.63;1.63;0.77;5;2694;0.001855976243504083;0.6791666666666667;0.32083333333333336
438;2.4;0.5|0.5|0.7|0.7|;2.4;0.0;4;2694;0.0014847809948032665;1.0;0.0
459;2.4;0.6|0.9|;1.5;0.8999999999999999;4;2694;0.0014847809948032665;0.625;0.375
416;2.4;0.4|0.4|0.6|0.6|;2.0;0.3999999999999999;3;2694;0.0011135857461024498;0.8333333333333334;0.16666666666666663
424;2.4;0.4|0.6|;1.0;1.4;3;2694;0.0011135857461024498;0.4166666666666667;0.5833333333333334
439;2.4;0.5|0.5|;1.0;1.4;3;2694;0.0011135857461024498;0.4166666666666667;0.5833333333333334
454;2.4;0.6|0.6|;1.2;1.2;3;2694;0.0011135857461024498;0.5;0.5
400;2.4;0.35;0.35;2.05;2;2694;0.0007423904974016332;0.14583333333333334;0.8541666666666666
407;2.4;0.45|0.55|;1.0;1.4;2;2694;0.0007423904974016332;0.4166666666666667;0.5833333333333334
415;2.4;0.4|0.4|0.5;1.3;1.0999999999999999;2;2694;0.0007423904974016332;0.5416666666666667;0.4583333333333333
425;2.4;0.4|0.75|;1.15;1.25;2;2694;0.0007423904974016332;0.47916666666666663;0.5208333333333334
427;2.4;0.4|0.8|;1.2000000000000002;1.1999999999999997;2;2694;0.0007423904974016332;0.5000000000000001;0.4999999999999999
443;2.4;0.5|0.8|;1.3;1.0999999999999999;2;2694;0.0007423904974016332;0.5416666666666667;0.4583333333333333
444;2.4;0.5|1.0|;1.5;0.8999999999999999;2;2694;0.0007423904974016332;0.625;0.375
453;2.4;0.6|0.6|0.6;1.7999999999999998;0.6000000000000001;2;2694;0.0007423904974016332;0.75;0.25000000000000006
470;2.4;0.7|1.4|;2.0999999999999996;0.30000000000000027;2;2694;0.0007423904974016332;0.8749999999999999;0.1250000000000001
471;2.4;0.7|1.6|;2.3;0.10000000000000009;2;2694;0.0007423904974016332;0.9583333333333333;0.041666666666666706
478;2.4;0.9|1.4|;2.3;0.10000000000000009;2;2694;0.0007423904974016332;0.9583333333333333;0.041666666666666706
483;2.4;1.1;1.1;1.2999999999999998;2;2694;0.0007423904974016332;0.45833333333333337;0.5416666666666666
396;2.4;0.35|0.45|;0.8;1.5999999999999999;1;2694;0.0003711952487008166;0.33333333333333337;0.6666666666666666
397;2.4;0.35|0.55|0.6|0.7|;2.2;0.19999999999999973;1;2694;0.0003711952487008166;0.9166666666666667;0.08333333333333323
398;2.4;0.35|0.55|;0.9;1.5;1;2694;0.0003711952487008166;0.375;0.625
399;2.4;0.35|0.75|;1.1;1.2999999999999998;1;2694;0.0003711952487008166;0.45833333333333337;0.5416666666666666
401;2.4;0.3|0.5|0.9;1.7000000000000002;0.6999999999999997;1;2694;0.0003711952487008166;0.7083333333333335;0.2916666666666666
402;2.4;0.3|0.5|;0.8;1.5999999999999999;1;2694;0.0003711952487008166;0.33333333333333337;0.6666666666666666
403;2.4;0.3|0.65|;0.95;1.45;1;2694;0.0003711952487008166;0.3958333333333333;0.6041666666666666
404;2.4;0.3|0.6|;0.8999999999999999;1.5;1;2694;0.0003711952487008166;0.375;0.625
405;2.4;0.3|0.9|;1.2;1.2;1;2694;0.0003711952487008166;0.5;0.5
406;2.4;0.3;0.3;2.1;1;2694;0.0003711952487008166;0.125;0.8750000000000001
408;2.4;0.45|0.5|;0.95;1.45;1;2694;0.0003711952487008166;0.3958333333333333;0.6041666666666666
409;2.4;0.45|0.75|;1.2;1.2;1;2694;0.0003711952487008166;0.5;0.5
410;2.4;0.45;0.45;1.95;1;2694;0.0003711952487008166;0.1875;0.8125
411;2.4;0.4|0.45|0.55;1.4000000000000001;0.9999999999999998;1;2694;0.0003711952487008166;0.5833333333333334;0.4166666666666666
412;2.4;0.4|0.45|0.5|0.6|;1.9500000000000002;0.44999999999999973;1;2694;0.0003711952487008166;0.8125000000000001;0.1874999999999999
413;2.4;0.4|0.45|0.7;1.55;0.8499999999999999;1;2694;0.0003711952487008166;0.6458333333333334;0.35416666666666663
414;2.4;0.4|0.4|0.4|0.4|;1.6;0.7999999999999998;1;2694;0.0003711952487008166;0.6666666666666667;0.33333333333333326
417;2.4;0.4|0.4|;0.8;1.5999999999999999;1;2694;0.0003711952487008166;0.33333333333333337;0.6666666666666666
418;2.4;0.4|0.5|0.5;1.4;1.0;1;2694;0.0003711952487008166;0.5833333333333334;0.4166666666666667
419;2.4;0.4|0.5|0.9;1.8;0.5999999999999999;1;2694;0.0003711952487008166;0.75;0.24999999999999994
422;2.4;0.4|0.65|;1.05;1.3499999999999999;1;2694;0.0003711952487008166;0.43750000000000006;0.5625
426;2.4;0.4|0.7|;1.1;1.2999999999999998;1;2694;0.0003711952487008166;0.45833333333333337;0.5416666666666666
432;2.4;0.52|0.65|;1.17;1.23;1;2694;0.0003711952487008166;0.4875;0.5125000000000001
433;2.4;0.55|0.65|;1.2000000000000002;1.1999999999999997;1;2694;0.0003711952487008166;0.5000000000000001;0.4999999999999999
434;2.4;0.55|0.6|0.7;1.8499999999999999;0.55;1;2694;0.0003711952487008166;0.7708333333333333;0.22916666666666669
435;2.4;0.55|0.7|;1.25;1.15;1;2694;0.0003711952487008166;0.5208333333333334;0.47916666666666663
436;2.4;0.55|1.1|;1.6500000000000001;0.7499999999999998;1;2694;0.0003711952487008166;0.6875000000000001;0.31249999999999994
442;2.4;0.5|0.7|;1.2;1.2;1;2694;0.0003711952487008166;0.5;0.5
446;2.4;0.5|1.8|;2.3;0.10000000000000009;1;2694;0.0003711952487008166;0.9583333333333333;0.041666666666666706
448;2.4;0.65|0.75|0.8;2.2;0.19999999999999973;1;2694;0.0003711952487008166;0.9166666666666667;0.08333333333333323
449;2.4;0.65|0.7|;1.35;1.0499999999999998;1;2694;0.0003711952487008166;0.5625000000000001;0.43749999999999994
450;2.4;0.65|1.2|;1.85;0.5499999999999998;1;2694;0.0003711952487008166;0.7708333333333334;0.2291666666666666
452;2.4;0.6|0.6|0.6|0.6|;2.4;0.0;1;2694;0.0003711952487008166;1.0;0.0
455;2.4;0.6|0.7|;1.2999999999999998;1.1;1;2694;0.0003711952487008166;0.5416666666666666;0.45833333333333337
456;2.4;0.6|0.8|0.9;2.3;0.10000000000000009;1;2694;0.0003711952487008166;0.9583333333333333;0.041666666666666706
466;2.4;0.75;0.75;1.65;1;2694;0.0003711952487008166;0.3125;0.6875
467;2.4;0.7|0.9|;1.6;0.7999999999999998;1;2694;0.0003711952487008166;0.6666666666666667;0.33333333333333326
469;2.4;0.7|1.2|;1.9;0.5;1;2694;0.0003711952487008166;0.7916666666666666;0.20833333333333334
473;2.4;0.8|0.8|0.8;2.4000000000000004;-4.440892098500626e-16;1;2694;0.0003711952487008166;1.0000000000000002;-1.8503717077085943e-16
474;2.4;0.8|1.1|;1.9000000000000001;0.4999999999999998;1;2694;0.0003711952487008166;0.7916666666666667;0.20833333333333326
485;2.4;1.47;1.47;0.9299999999999999;1;2694;0.0003711952487008166;0.6125;0.3875
389;2.3;1.63;1.63;0.6699999999999999;151;1012;0.1492094861660079;0.7086956521739131;0.29130434782608694
385;2.3;1.0;1.0;1.2999999999999998;104;1012;0.10276679841897234;0.4347826086956522;0.5652173913043478
384;2.3;1.0|1.2|;2.2;0.09999999999999964;84;1012;0.08300395256916997;0.9565217391304349;0.043478260869565064
352;2.3;0.5;0.5;1.7999999999999998;65;1012;0.06422924901185771;0.2173913043478261;0.782608695652174
345;2.3;0.5|0.6|;1.1;1.1999999999999997;44;1012;0.043478260869565216;0.47826086956521746;0.5217391304347825
366;2.3;0.6;0.6;1.6999999999999997;37;1012;0.036561264822134384;0.2608695652173913;0.7391304347826086
388;2.3;1.4;1.4;0.8999999999999999;35;1012;0.03458498023715415;0.6086956521739131;0.391304347826087
391;2.3;1.78;1.78;0.5199999999999998;35;1012;0.03458498023715415;0.773913043478261;0.22608695652173905
390;2.3;1.6;1.6;0.6999999999999997;32;1012;0.03162055335968379;0.6956521739130436;0.30434782608695643
387;2.3;1.2;1.2;1.0999999999999999;27;1012;0.0266798418972332;0.5217391304347826;0.47826086956521735
374;2.3;0.7;0.7;1.5999999999999999;26;1012;0.025691699604743084;0.30434782608695654;0.6956521739130435
325;2.3;0.4|0.5|;0.9;1.4;19;1012;0.018774703557312252;0.391304347826087;0.6086956521739131
334;2.3;0.4;0.4;1.9;19;1012;0.018774703557312252;0.1739130434782609;0.8260869565217391
356;2.3;0.65;0.65;1.65;17;1012;0.016798418972332016;0.28260869565217395;0.717391304347826
394;2.3;2.2;2.2;0.09999999999999964;17;1012;0.016798418972332016;0.9565217391304349;0.043478260869565064
363;2.3;0.6|0.8|;1.4;0.8999999999999999;16;1012;0.015810276679841896;0.6086956521739131;0.391304347826087
370;2.3;0.7|0.8|;1.5;0.7999999999999998;15;1012;0.014822134387351778;0.6521739130434783;0.3478260869565217
381;2.3;0.9;0.9;1.4;15;1012;0.014822134387351778;0.391304347826087;0.6086956521739131
338;2.3;0.55;0.55;1.7499999999999998;14;1012;0.01383399209486166;0.23913043478260873;0.7608695652173912
378;2.3;0.8;0.8;1.4999999999999998;13;1012;0.012845849802371542;0.3478260869565218;0.6521739130434782
333;2.3;0.4|0.9|;1.3;0.9999999999999998;11;1012;0.010869565217391304;0.5652173913043479;0.4347826086956521
318;2.3;0.45;0.45;1.8499999999999999;10;1012;0.009881422924901186;0.1956521739130435;0.8043478260869565
321;2.3;0.4|0.5|0.6|0.8|;2.3;0.0;10;1012;0.009881422924901186;1.0;0.0
376;2.3;0.8|1.0|;1.8;0.4999999999999998;10;1012;0.009881422924901186;0.782608695652174;0.217391304347826
329;2.3;0.4|0.6|;1.0;1.2999999999999998;9;1012;0.008893280632411068;0.4347826086956522;0.5652173913043478
349;2.3;0.5|0.9|;1.4;0.8999999999999999;8;1012;0.007905138339920948;0.6086956521739131;0.391304347826087
368;2.3;0.75;0.75;1.5499999999999998;8;1012;0.007905138339920948;0.32608695652173914;0.6739130434782609
298;2.3;0.35|0.6|;0.95;1.3499999999999999;6;1012;0.005928853754940711;0.41304347826086957;0.5869565217391304
348;2.3;0.5|0.8|;1.3;0.9999999999999998;6;1012;0.005928853754940711;0.5652173913043479;0.4347826086956521
393;2.3;2.0;2.0;0.2999999999999998;6;1012;0.005928853754940711;0.8695652173913044;0.1304347826086956
312;2.3;0.45|0.55|;1.0;1.2999999999999998;5;1012;0.004940711462450593;0.4347826086956522;0.5652173913043478
323;2.3;0.4|0.5|0.7;1.6;0.6999999999999997;5;1012;0.004940711462450593;0.6956521739130436;0.30434782608695643
344;2.3;0.5|0.6|1.2;2.3;0.0;5;1012;0.004940711462450593;1.0;0.0
377;2.3;0.8|1.2|;2.0;0.2999999999999998;5;1012;0.004940711462450593;0.8695652173913044;0.1304347826086956
379;2.3;0.9|1.0|;1.9;0.3999999999999999;5;1012;0.004940711462450593;0.8260869565217391;0.17391304347826084
380;2.3;0.9|1.2|;2.1;0.19999999999999973;5;1012;0.004940711462450593;0.9130434782608696;0.08695652173913032
297;2.3;0.35|0.65|;1.0;1.2999999999999998;4;1012;0.003952569169960474;0.4347826086956522;0.5652173913043478
331;2.3;0.4|0.7|;1.1;1.1999999999999997;4;1012;0.003952569169960474;0.47826086956521746;0.5217391304347825
341;2.3;0.5|0.5|;1.0;1.2999999999999998;4;1012;0.003952569169960474;0.4347826086956522;0.5652173913043478
360;2.3;0.6|0.7|0.8;2.0999999999999996;0.20000000000000018;4;1012;0.003952569169960474;0.9130434782608695;0.08695652173913052
386;2.3;1.1;1.1;1.1999999999999997;4;1012;0.003952569169960474;0.47826086956521746;0.5217391304347825
299;2.3;0.35|0.75|;1.1;1.1999999999999997;3;1012;0.0029644268774703555;0.47826086956521746;0.5217391304347825
302;2.3;0.35;0.35;1.9499999999999997;3;1012;0.0029644268774703555;0.15217391304347827;0.8478260869565217
308;2.3;0.3;0.3;1.9999999999999998;3;1012;0.0029644268774703555;0.13043478260869565;0.8695652173913043
336;2.3;0.55|0.65|;1.2000000000000002;1.0999999999999996;3;1012;0.0029644268774703555;0.5217391304347827;0.4782608695652173
350;2.3;0.5|1.0|;1.5;0.7999999999999998;3;1012;0.0029644268774703555;0.6521739130434783;0.3478260869565217
357;2.3;0.6|0.65|;1.25;1.0499999999999998;3;1012;0.0029644268774703555;0.5434782608695653;0.45652173913043476
362;2.3;0.6|0.8|0.9;2.3;0.0;3;1012;0.0029644268774703555;1.0;0.0
371;2.3;0.7|0.9|;1.6;0.6999999999999997;3;1012;0.0029644268774703555;0.6956521739130436;0.30434782608695643
372;2.3;0.7|1.0|;1.7;0.5999999999999999;3;1012;0.0029644268774703555;0.7391304347826088;0.26086956521739124
301;2.3;0.35|0.8|;1.15;1.15;2;1012;0.001976284584980237;0.5;0.5
316;2.3;0.45|0.6|;1.05;1.2499999999999998;2;1012;0.001976284584980237;0.4565217391304348;0.5434782608695652
317;2.3;0.45|0.9|;1.35;0.9499999999999997;2;1012;0.001976284584980237;0.5869565217391305;0.41304347826086946
322;2.3;0.4|0.5|0.6;1.5;0.7999999999999998;2;1012;0.001976284584980237;0.6521739130434783;0.3478260869565217
324;2.3;0.4|0.5|0.8;1.7000000000000002;0.5999999999999996;2;1012;0.001976284584980237;0.7391304347826089;0.2608695652173912
339;2.3;0.5|0.55|;1.05;1.2499999999999998;2;1012;0.001976284584980237;0.4565217391304348;0.5434782608695652
351;2.3;0.5|1.2|;1.7;0.5999999999999999;2;1012;0.001976284584980237;0.7391304347826088;0.26086956521739124
353;2.3;0.65|0.75|;1.4;0.8999999999999999;2;1012;0.001976284584980237;0.6086956521739131;0.391304347826087
354;2.3;0.65|0.7|;1.35;0.9499999999999997;2;1012;0.001976284584980237;0.5869565217391305;0.41304347826086946
358;2.3;0.6|0.6|0.6;1.7999999999999998;0.5;2;1012;0.001976284584980237;0.782608695652174;0.2173913043478261
359;2.3;0.6|0.6|;1.2;1.0999999999999999;2;1012;0.001976284584980237;0.5217391304347826;0.47826086956521735
361;2.3;0.6|0.7|;1.2999999999999998;1.0;2;1012;0.001976284584980237;0.5652173913043478;0.4347826086956522
365;2.3;0.6|1.2|;1.7999999999999998;0.5;2;1012;0.001976284584980237;0.782608695652174;0.2173913043478261
293;2.3;0.35|0.45|0.65;1.4500000000000002;0.8499999999999996;1;1012;0.0009881422924901185;0.6304347826086958;0.3695652173913042
294;2.3;0.35|0.45|;0.8;1.4999999999999998;1;1012;0.0009881422924901185;0.3478260869565218;0.6521739130434782
295;2.3;0.35|0.55|0.6|0.65|;2.15;0.1499999999999999;1;1012;0.0009881422924901185;0.9347826086956522;0.0652173913043478
296;2.3;0.35|0.5|0.65;1.5;0.7999999999999998;1;1012;0.0009881422924901185;0.6521739130434783;0.3478260869565217
300;2.3;0.35|0.7|;1.0499999999999998;1.25;1;1012;0.0009881422924901185;0.45652173913043476;0.5434782608695653
303;2.3;0.3|0.3|0.7;1.2999999999999998;1.0;1;1012;0.0009881422924901185;0.5652173913043478;0.4347826086956522
304;2.3;0.3|0.55|0.8;1.6500000000000001;0.6499999999999997;1;1012;0.0009881422924901185;0.7173913043478262;0.2826086956521738
305;2.3;0.3|0.65|1.1;2.05;0.25;1;1012;0.0009881422924901185;0.8913043478260869;0.10869565217391305
306;2.3;0.3|0.65|;0.95;1.3499999999999999;1;1012;0.0009881422924901185;0.41304347826086957;0.5869565217391304
307;2.3;0.3|0.75|;1.05;1.2499999999999998;1;1012;0.0009881422924901185;0.4565217391304348;0.5434782608695652
309;2.3;0.45|0.45|0.55|0.55|;2.0;0.2999999999999998;1;1012;0.0009881422924901185;0.8695652173913044;0.1304347826086956
310;2.3;0.45|0.45|0.5|0.5|;1.9;0.3999999999999999;1;1012;0.0009881422924901185;0.8260869565217391;0.17391304347826084
311;2.3;0.45|0.55|0.75;1.75;0.5499999999999998;1;1012;0.0009881422924901185;0.7608695652173914;0.23913043478260865
313;2.3;0.45|0.5|;0.95;1.3499999999999999;1;1012;0.0009881422924901185;0.41304347826086957;0.5869565217391304
314;2.3;0.45|0.65|0.75;1.85;0.44999999999999973;1;1012;0.0009881422924901185;0.8043478260869567;0.19565217391304338
315;2.3;0.45|0.65|;1.1;1.1999999999999997;1;1012;0.0009881422924901185;0.47826086956521746;0.5217391304347825
319;2.3;0.4|0.45|0.45;1.3;0.9999999999999998;1;1012;0.0009881422924901185;0.5652173913043479;0.4347826086956521
320;2.3;0.4|0.5|0.55;1.4500000000000002;0.8499999999999996;1;1012;0.0009881422924901185;0.6304347826086958;0.3695652173913042
326;2.3;0.4|0.6|0.7;1.7;0.5999999999999999;1;1012;0.0009881422924901185;0.7391304347826088;0.26086956521739124
327;2.3;0.4|0.6|0.8;1.8;0.4999999999999998;1;1012;0.0009881422924901185;0.782608695652174;0.217391304347826
328;2.3;0.4|0.6|1.2;2.2;0.09999999999999964;1;1012;0.0009881422924901185;0.9565217391304349;0.043478260869565064
330;2.3;0.4|0.7|1.2;2.3;0.0;1;1012;0.0009881422924901185;1.0;0.0
332;2.3;0.4|0.8|;1.2000000000000002;1.0999999999999996;1;1012;0.0009881422924901185;0.5217391304347827;0.4782608695652173
335;2.3;0.55|0.55|0.6|0.6|;2.3000000000000003;-4.440892098500626e-16;1;1012;0.0009881422924901185;1.0000000000000002;-1.9308226515220116e-16
337;2.3;0.55|0.7|0.8;2.05;0.25;1;1012;0.0009881422924901185;0.8913043478260869;0.10869565217391305
340;2.3;0.5|0.5|0.5;1.5;0.7999999999999998;1;1012;0.0009881422924901185;0.6521739130434783;0.3478260869565217
342;2.3;0.5|0.6|0.7;1.8;0.4999999999999998;1;1012;0.0009881422924901185;0.782608695652174;0.217391304347826
343;2.3;0.5|0.6|0.8;1.9000000000000001;0.3999999999999997;1;1012;0.0009881422924901185;0.8260869565217392;0.17391304347826075
346;2.3;0.5|0.8|0.9;2.2;0.09999999999999964;1;1012;0.0009881422924901185;0.9565217391304349;0.043478260869565064
347;2.3;0.5|0.8|1.0;2.3;0.0;1;1012;0.0009881422924901185;1.0;0.0
355;2.3;0.65|0.8|;1.4500000000000002;0.8499999999999996;1;1012;0.0009881422924901185;0.6304347826086958;0.3695652173913042
364;2.3;0.6|1.0|;1.6;0.6999999999999997;1;1012;0.0009881422924901185;0.6956521739130436;0.30434782608695643
367;2.3;0.75|1.0|;1.75;0.5499999999999998;1;1012;0.0009881422924901185;0.7608695652173914;0.23913043478260865
369;2.3;0.7|0.75|;1.45;0.8499999999999999;1;1012;0.0009881422924901185;0.6304347826086957;0.3695652173913043
373;2.3;0.7|1.2|;1.9;0.3999999999999999;1;1012;0.0009881422924901185;0.8260869565217391;0.17391304347826084
375;2.3;0.8|0.9|;1.7000000000000002;0.5999999999999996;1;1012;0.0009881422924901185;0.7391304347826089;0.2608695652173912
382;2.3;1.0|1.0|;2.0;0.2999999999999998;1;1012;0.0009881422924901185;0.8695652173913044;0.1304347826086956
383;2.3;1.0|1.1|;2.1;0.19999999999999973;1;1012;0.0009881422924901185;0.9130434782608696;0.08695652173913032
392;2.3;1.8;1.8;0.4999999999999998;1;1012;0.0009881422924901185;0.782608695652174;0.217391304347826
395;2.3;2.3;2.3;0.0;1;1012;0.0009881422924901185;1.0;0.0
245;2.2;0.5|0.6|;1.1;1.1;379;2660;0.1424812030075188;0.5;0.5
276;2.2;1.0|1.2|;2.2;0.0;229;2660;0.08609022556390977;1.0;0.0
271;2.2;0.8|1.4|;2.2;0.0;221;2660;0.0830827067669173;1.0;0.0
262;2.2;0.6|1.6|;2.2;0.0;215;2660;0.08082706766917293;1.0;0.0
254;2.2;0.5;0.5;1.7000000000000002;194;2660;0.07293233082706767;0.22727272727272727;0.7727272727272727
263;2.2;0.6;0.6;1.6;122;2660;0.04586466165413534;0.2727272727272727;0.7272727272727273
258;2.2;0.6|0.8|;1.4;0.8000000000000003;104;2660;0.039097744360902256;0.6363636363636362;0.3636363636363637
277;2.2;1.0;1.0;1.2000000000000002;88;2660;0.03308270676691729;0.45454545454545453;0.5454545454545455
290;2.2;1.8;1.8;0.40000000000000013;88;2660;0.03308270676691729;0.8181818181818181;0.18181818181818185
236;2.2;0.4|1.8|;2.2;0.0;79;2660;0.029699248120300753;1.0;0.0
237;2.2;0.4;0.4;1.8000000000000003;77;2660;0.02894736842105263;0.18181818181818182;0.8181818181818182
269;2.2;0.7;0.7;1.5000000000000002;73;2660;0.02744360902255639;0.3181818181818181;0.6818181818181819
227;2.2;0.4|0.6|;1.0;1.2000000000000002;68;2660;0.02556390977443609;0.45454545454545453;0.5454545454545455
282;2.2;1.4;1.4;0.8000000000000003;67;2660;0.02518796992481203;0.6363636363636362;0.3636363636363637
286;2.2;1.6;1.6;0.6000000000000001;65;2660;0.02443609022556391;0.7272727272727273;0.27272727272727276
240;2.2;0.55;0.55;1.6500000000000001;60;2660;0.022556390977443608;0.25;0.75
225;2.2;0.4|0.5|;0.9;1.3000000000000003;54;2660;0.02030075187969925;0.40909090909090906;0.5909090909090909
259;2.2;0.6|1.0|;1.6;0.6000000000000001;46;2660;0.017293233082706767;0.7272727272727273;0.27272727272727276
288;2.2;1.78;1.78;0.42000000000000015;45;2660;0.016917293233082706;0.8090909090909091;0.19090909090909097
291;2.2;2.0;2.0;0.20000000000000018;44;2660;0.016541353383458645;0.9090909090909091;0.09090909090909098
279;2.2;1.1;1.1;1.1;38;2660;0.014285714285714285;0.5;0.5
249;2.2;0.5|0.8|;1.3;0.9000000000000001;36;2660;0.013533834586466165;0.5909090909090908;0.4090909090909091
270;2.2;0.8|1.2|;2.0;0.20000000000000018;33;2660;0.012406015037593985;0.9090909090909091;0.09090909090909098
251;2.2;0.5|1.2|;1.7;0.5000000000000002;29;2660;0.010902255639097745;0.7727272727272726;0.22727272727272735
272;2.2;0.8;0.8;1.4000000000000001;26;2660;0.009774436090225564;0.36363636363636365;0.6363636363636364
224;2.2;0.4|0.5|0.8;1.7000000000000002;0.5;14;2660;0.005263157894736842;0.7727272727272727;0.22727272727272727
274;2.2;0.9;0.9;1.3000000000000003;14;2660;0.005263157894736842;0.40909090909090906;0.5909090909090909
280;2.2;1.2;1.2;1.0000000000000002;14;2660;0.005263157894736842;0.5454545454545454;0.4545454545454546
285;2.2;1.63;1.63;0.5700000000000003;12;2660;0.004511278195488722;0.7409090909090909;0.2590909090909092
253;2.2;0.5|1.6|;2.1;0.10000000000000009;11;2660;0.004135338345864661;0.9545454545454545;0.04545454545454549
261;2.2;0.6|1.4|;2.0;0.20000000000000018;10;2660;0.0037593984962406013;0.9090909090909091;0.09090909090909098
260;2.2;0.6|1.2|;1.7999999999999998;0.40000000000000036;8;2660;0.0030075187969924814;0.818181818181818;0.18181818181818196
232;2.2;0.4|1.0|;1.4;0.8000000000000003;7;2660;0.002631578947368421;0.6363636363636362;0.3636363636363637
230;2.2;0.4|0.8|;1.2000000000000002;1.0;6;2660;0.002255639097744361;0.5454545454545455;0.45454545454545453
234;2.2;0.4|1.4|;1.7999999999999998;0.40000000000000036;6;2660;0.002255639097744361;0.818181818181818;0.18181818181818196
241;2.2;0.5|0.55|;1.05;1.1500000000000001;6;2660;0.002255639097744361;0.47727272727272724;0.5227272727272727
250;2.2;0.5|1.0|;1.5;0.7000000000000002;6;2660;0.002255639097744361;0.6818181818181818;0.31818181818181823
257;2.2;0.6|0.7|0.8;2.0999999999999996;0.10000000000000053;6;2660;0.002255639097744361;0.9545454545454543;0.04545454545454569
252;2.2;0.5|1.4|;1.9;0.30000000000000027;5;2660;0.0018796992481203006;0.8636363636363635;0.13636363636363646
219;2.2;0.2;0.2;2.0;3;2660;0.0011278195488721805;0.09090909090909091;0.9090909090909091
243;2.2;0.5|0.5|;1.0;1.2000000000000002;3;2660;0.0011278195488721805;0.45454545454545453;0.5454545454545455
246;2.2;0.5|0.7|0.9;2.1;0.10000000000000009;3;2660;0.0011278195488721805;0.9545454545454545;0.04545454545454549
247;2.2;0.5|0.7|;1.2;1.0000000000000002;3;2660;0.0011278195488721805;0.5454545454545454;0.4545454545454546
248;2.2;0.5|0.8|0.9;2.2;0.0;3;2660;0.0011278195488721805;1.0;0.0
267;2.2;0.7|0.9|;1.6;0.6000000000000001;3;2660;0.0011278195488721805;0.7272727272727273;0.27272727272727276
226;2.2;0.4|0.6|0.8;1.8;0.40000000000000013;2;2660;0.0007518796992481203;0.8181818181818181;0.18181818181818185
231;2.2;0.4|0.9|;1.3;0.9000000000000001;2;2660;0.0007518796992481203;0.5909090909090908;0.4090909090909091
233;2.2;0.4|1.2|;1.6;0.6000000000000001;2;2660;0.0007518796992481203;0.7272727272727273;0.27272727272727276
242;2.2;0.5|0.5|0.5;1.5;0.7000000000000002;2;2660;0.0007518796992481203;0.6818181818181818;0.31818181818181823
244;2.2;0.5|0.6|0.8;1.9000000000000001;0.30000000000000004;2;2660;0.0007518796992481203;0.8636363636363636;0.13636363636363638
265;2.2;0.7|0.7|;1.4;0.8000000000000003;2;2660;0.0007518796992481203;0.6363636363636362;0.3636363636363637
266;2.2;0.7|0.8|;1.5;0.7000000000000002;2;2660;0.0007518796992481203;0.6818181818181818;0.31818181818181823
292;2.2;2.2;2.2;0.0;2;2660;0.0007518796992481203;1.0;0.0
220;2.2;0.35|0.73|;1.08;1.12;1;2660;0.00037593984962406017;0.4909090909090909;0.5090909090909091
221;2.2;0.42|0.42|0.44|0.44|;1.72;0.4800000000000002;1;2660;0.00037593984962406017;0.7818181818181817;0.21818181818181825
222;2.2;0.4|0.4|;0.8;1.4000000000000001;1;2660;0.00037593984962406017;0.36363636363636365;0.6363636363636364
223;2.2;0.4|0.5|0.6;1.5;0.7000000000000002;1;2660;0.00037593984962406017;0.6818181818181818;0.31818181818181823
228;2.2;0.4|0.7|0.75;1.85;0.3500000000000001;1;2660;0.00037593984962406017;0.8409090909090908;0.15909090909090912
229;2.2;0.4|0.8|1.0;2.2;0.0;1;2660;0.00037593984962406017;1.0;0.0
235;2.2;0.4|1.6|;2.0;0.20000000000000018;1;2660;0.00037593984962406017;0.9090909090909091;0.09090909090909098
238;2.2;0.55|0.55|;1.1;1.1;1;2660;0.00037593984962406017;0.5;0.5
239;2.2;0.55|0.63|;1.1800000000000002;1.02;1;2660;0.00037593984962406017;0.5363636363636364;0.4636363636363636
255;2.2;0.65|0.7|;1.35;0.8500000000000001;1;2660;0.00037593984962406017;0.6136363636363636;0.38636363636363635
256;2.2;0.67;0.67;1.5300000000000002;1;2660;0.00037593984962406017;0.30454545454545456;0.6954545454545455
264;2.2;0.71|1.29|;2.0;0.20000000000000018;1;2660;0.00037593984962406017;0.9090909090909091;0.09090909090909098
268;2.2;0.7|1.2|;1.9;0.30000000000000027;1;2660;0.00037593984962406017;0.8636363636363635;0.13636363636363646
273;2.2;0.9|0.9|;1.8;0.40000000000000013;1;2660;0.00037593984962406017;0.8181818181818181;0.18181818181818185
275;2.2;1.02;1.02;1.1800000000000002;1;2660;0.00037593984962406017;0.4636363636363636;0.5363636363636364
278;2.2;1.1|1.1|;2.2;0.0;1;2660;0.00037593984962406017;1.0;0.0
281;2.2;1.46;1.46;0.7400000000000002;1;2660;0.00037593984962406017;0.6636363636363636;0.3363636363636364
283;2.2;1.51;1.51;0.6900000000000002;1;2660;0.00037593984962406017;0.6863636363636363;0.3136363636363637
284;2.2;1.62;1.62;0.5800000000000001;1;2660;0.00037593984962406017;0.7363636363636363;0.26363636363636367
287;2.2;1.76;1.76;0.44000000000000017;1;2660;0.00037593984962406017;0.7999999999999999;0.20000000000000007
289;2.2;1.85;1.85;0.3500000000000001;1;2660;0.00037593984962406017;0.8409090909090908;0.15909090909090912
207;2.0;1.63;1.63;0.3700000000000001;2314;11300;0.2047787610619469;0.815;0.18500000000000005
210;2.0;1.78;1.78;0.21999999999999997;1345;11300;0.11902654867256637;0.89;0.10999999999999999
156;2.0;0.5;0.5;1.5;982;11300;0.08690265486725664;0.25;0.75
176;2.0;0.6;0.6;1.4;886;11300;0.0784070796460177;0.3;0.7
199;2.0;1.0;1.0;1.0;865;11300;0.07654867256637168;0.5;0.5
193;2.0;0.8|1.2|;2.0;0.0;546;11300;0.04831858407079646;1.0;0.0
197;2.0;0.9;0.9;1.1;346;11300;0.030619469026548673;0.45;0.55
170;2.0;0.6|0.8|;1.4;0.6000000000000001;342;11300;0.030265486725663718;0.7;0.30000000000000004
124;2.0;0.4;0.4;1.6;261;11300;0.023097345132743363;0.2;0.8
175;2.0;0.6|1.4|;2.0;0.0;214;11300;0.018938053097345132;1.0;0.0
169;2.0;0.6|0.7|;1.2999999999999998;0.7000000000000002;203;11300;0.017964601769911503;0.6499999999999999;0.3500000000000001
123;2.0;0.4|1.6|;2.0;0.0;199;11300;0.017610619469026548;1.0;0.0
189;2.0;0.7;0.7;1.3;189;11300;0.01672566371681416;0.35;0.65
208;2.0;1.6;1.6;0.3999999999999999;169;11300;0.014955752212389381;0.8;0.19999999999999996
213;2.0;1.8;1.8;0.19999999999999996;167;11300;0.014778761061946902;0.9;0.09999999999999998
150;2.0;0.5|0.7|;1.2;0.8;150;11300;0.01327433628318584;0.6;0.4
188;2.0;0.7|1.2|;1.9;0.10000000000000009;149;11300;0.013185840707964603;0.95;0.050000000000000044
194;2.0;0.8;0.8;1.2;136;11300;0.012035398230088496;0.4;0.6
144;2.0;0.5|0.6|0.8;1.9000000000000001;0.09999999999999987;119;11300;0.010530973451327433;0.9500000000000001;0.04999999999999993
115;2.0;0.4|0.6|;1.0;1.0;115;11300;0.010176991150442478;0.5;0.5
120;2.0;0.4|0.8|;1.2000000000000002;0.7999999999999998;114;11300;0.010088495575221238;0.6000000000000001;0.3999999999999999
196;2.0;0.9|1.0|;1.9;0.10000000000000009;114;11300;0.010088495575221238;0.95;0.050000000000000044
204;2.0;1.4;1.4;0.6000000000000001;106;11300;0.009380530973451328;0.7;0.30000000000000004
174;2.0;0.6|1.2|;1.7999999999999998;0.20000000000000018;92;11300;0.008141592920353982;0.8999999999999999;0.10000000000000009
218;2.0;2.0;2.0;0.0;86;11300;0.007610619469026548;1.0;0.0
111;2.0;0.4|0.5|;0.9;1.1;83;11300;0.007345132743362832;0.45;0.55
151;2.0;0.5|0.8|;1.3;0.7;80;11300;0.007079646017699115;0.65;0.35
192;2.0;0.8|1.0|;1.8;0.19999999999999996;67;11300;0.005929203539823008;0.9;0.09999999999999998
201;2.0;1.2;1.2;0.8;64;11300;0.005663716814159292;0.6;0.4
146;2.0;0.5|0.6|;1.1;0.8999999999999999;51;11300;0.004513274336283186;0.55;0.44999999999999996
162;2.0;0.65;0.65;1.35;41;11300;0.0036283185840707967;0.325;0.675
166;2.0;0.6|0.6|;1.2;0.8;38;11300;0.0033628318584070795;0.6;0.4
149;2.0;0.5|0.7|0.8;2.0;0.0;37;11300;0.0032743362831858407;1.0;0.0
140;2.0;0.5|0.5|;1.0;1.0;34;11300;0.003008849557522124;0.5;0.5
119;2.0;0.4|0.7|;1.1;0.8999999999999999;31;11300;0.002743362831858407;0.55;0.44999999999999996
181;2.0;0.75;0.75;1.25;31;11300;0.002743362831858407;0.375;0.625
155;2.0;0.5|1.4|;1.9;0.10000000000000009;27;11300;0.0023893805309734514;0.95;0.050000000000000044
117;2.0;0.4|0.7|0.8;1.9000000000000001;0.09999999999999987;22;11300;0.0019469026548672567;0.9500000000000001;0.04999999999999993
187;2.0;0.7|1.0|;1.7;0.30000000000000004;22;11300;0.0019469026548672567;0.85;0.15000000000000002
113;2.0;0.4|0.6|0.8;1.8;0.19999999999999996;21;11300;0.0018584070796460177;0.9;0.09999999999999998
132;2.0;0.55;0.55;1.45;21;11300;0.0018584070796460177;0.275;0.725
122;2.0;0.4|1.2|;1.6;0.3999999999999999;20;11300;0.0017699115044247787;0.8;0.19999999999999996
185;2.0;0.7|0.8|;1.5;0.5;19;11300;0.0016814159292035398;0.75;0.25
98;2.0;0.45;0.45;1.55;18;11300;0.001592920353982301;0.225;0.775
143;2.0;0.5|0.6|0.7;1.8;0.19999999999999996;18;11300;0.001592920353982301;0.9;0.09999999999999998
152;2.0;0.5|0.9|;1.4;0.6000000000000001;17;11300;0.001504424778761062;0.7;0.30000000000000004
154;2.0;0.5|1.2|;1.7;0.30000000000000004;16;11300;0.001415929203539823;0.85;0.15000000000000002
86;2.0;0.45|0.55|;1.0;1.0;11;11300;0.0009734513274336283;0.5;0.5
106;2.0;0.4|0.5|0.6;1.5;0.5;11;11300;0.0009734513274336283;0.75;0.25
186;2.0;0.7|0.9|;1.6;0.3999999999999999;11;11300;0.0009734513274336283;0.8;0.19999999999999996
136;2.0;0.5|0.5|0.5;1.5;0.5;9;11300;0.0007964601769911505;0.75;0.25
164;2.0;0.6|0.6|0.6;1.7999999999999998;0.20000000000000018;8;11300;0.0007079646017699115;0.8999999999999999;0.10000000000000009
110;2.0;0.4|0.5|1.0;1.9;0.10000000000000009;7;11300;0.0006194690265486725;0.95;0.050000000000000044
184;2.0;0.7|0.7|;1.4;0.6000000000000001;7;11300;0.0006194690265486725;0.7;0.30000000000000004
191;2.0;0.8|0.9|;1.7000000000000002;0.2999999999999998;7;11300;0.0006194690265486725;0.8500000000000001;0.1499999999999999
45;2.0;0.29;0.29;1.71;6;11300;0.0005309734513274337;0.145;0.855
118;2.0;0.4|0.7|0.9;2.0;0.0;6;11300;0.0005309734513274337;1.0;0.0
125;2.0;0.55|0.65|;1.2000000000000002;0.7999999999999998;6;11300;0.0005309734513274337;0.6000000000000001;0.3999999999999999
200;2.0;1.1;1.1;0.8999999999999999;6;11300;0.0005309734513274337;0.55;0.44999999999999996
58;2.0;0.35|0.8|;1.15;0.8500000000000001;5;11300;0.0004424778761061947;0.575;0.42500000000000004
127;2.0;0.55|0.7|;1.25;0.75;5;11300;0.0004424778761061947;0.625;0.375
148;2.0;0.5|0.7|0.7;1.9;0.10000000000000009;5;11300;0.0004424778761061947;0.95;0.050000000000000044
153;2.0;0.5|1.0|;1.5;0.5;5;11300;0.0004424778761061947;0.75;0.25
51;2.0;0.35|0.55|;0.9;1.1;4;11300;0.00035398230088495576;0.45;0.55
54;2.0;0.35|0.65|;1.0;1.0;4;11300;0.00035398230088495576;0.5;0.5
55;2.0;0.35|0.6|;0.95;1.05;4;11300;0.00035398230088495576;0.475;0.525
59;2.0;0.35|0.9|;1.25;0.75;4;11300;0.00035398230088495576;0.625;0.375
77;2.0;0.3|0.6|;0.8999999999999999;1.1;4;11300;0.00035398230088495576;0.44999999999999996;0.55
93;2.0;0.45|0.75|;1.2;0.8;4;11300;0.00035398230088495576;0.6;0.4
108;2.0;0.4|0.5|0.8;1.7000000000000002;0.2999999999999998;4;11300;0.00035398230088495576;0.8500000000000001;0.1499999999999999
112;2.0;0.4|0.6|0.7;1.7;0.30000000000000004;4;11300;0.00035398230088495576;0.85;0.15000000000000002
121;2.0;0.4|1.0|;1.4;0.6000000000000001;4;11300;0.00035398230088495576;0.7;0.30000000000000004
157;2.0;0.65|0.75|;1.4;0.6000000000000001;4;11300;0.00035398230088495576;0.7;0.30000000000000004
168;2.0;0.6|0.7|0.7;1.9999999999999998;2.220446049250313e-16;4;11300;0.00035398230088495576;0.9999999999999999;1.1102230246251565e-16
195;2.0;0.9|0.9|;1.8;0.19999999999999996;4;11300;0.00035398230088495576;0.9;0.09999999999999998
198;2.0;1.0|1.0|;2.0;0.0;4;11300;0.00035398230088495576;1.0;0.0
49;2.0;0.35|0.45|;0.8;1.2;3;11300;0.00026548672566371683;0.4;0.6
56;2.0;0.35|0.75|;1.1;0.8999999999999999;3;11300;0.00026548672566371683;0.55;0.44999999999999996
70;2.0;0.3|0.4|;0.7;1.3;3;11300;0.00026548672566371683;0.35;0.65
74;2.0;0.3|0.65|;0.95;1.05;3;11300;0.00026548672566371683;0.475;0.525
89;2.0;0.45|0.5|;0.95;1.05;3;11300;0.00026548672566371683;0.475;0.525
91;2.0;0.45|0.65|;1.1;0.8999999999999999;3;11300;0.00026548672566371683;0.55;0.44999999999999996
95;2.0;0.45|0.7|;1.15;0.8500000000000001;3;11300;0.00026548672566371683;0.575;0.42500000000000004
102;2.0;0.4|0.4|0.5;1.3;0.7;3;11300;0.00026548672566371683;0.65;0.35
105;2.0;0.4|0.55|;0.9500000000000001;1.0499999999999998;3;11300;0.00026548672566371683;0.47500000000000003;0.5249999999999999
107;2.0;0.4|0.5|0.7;1.6;0.3999999999999999;3;11300;0.00026548672566371683;0.8;0.19999999999999996
109;2.0;0.4|0.5|0.9;1.8;0.19999999999999996;3;11300;0.00026548672566371683;0.9;0.09999999999999998
126;2.0;0.55|0.6|;1.15;0.8500000000000001;3;11300;0.00026548672566371683;0.575;0.42500000000000004
163;2.0;0.6|0.65|;1.25;0.75;3;11300;0.00026548672566371683;0.625;0.375
44;2.0;0.21;0.21;1.79;2;11300;0.00017699115044247788;0.105;0.895
46;2.0;0.2;0.2;1.8;2;11300;0.00017699115044247788;0.1;0.9
61;2.0;0.35;0.35;1.65;2;11300;0.00017699115044247788;0.175;0.825
81;2.0;0.3;0.3;1.7;2;11300;0.00017699115044247788;0.15;0.85
83;2.0;0.45|0.55|0.65;1.65;0.3500000000000001;2;11300;0.00017699115044247788;0.825;0.17500000000000004
85;2.0;0.45|0.55|0.75;1.75;0.25;2;11300;0.00017699115044247788;0.875;0.125
92;2.0;0.45|0.6|;1.05;0.95;2;11300;0.00017699115044247788;0.525;0.475
96;2.0;0.45|0.9|;1.35;0.6499999999999999;2;11300;0.00017699115044247788;0.675;0.32499999999999996
103;2.0;0.4|0.4|;0.8;1.2;2;11300;0.00017699115044247788;0.4;0.6
114;2.0;0.4|0.6|0.9;1.9;0.10000000000000009;2;11300;0.00017699115044247788;0.95;0.050000000000000044
128;2.0;0.55|0.8|;1.35;0.6499999999999999;2;11300;0.00017699115044247788;0.675;0.32499999999999996
133;2.0;0.5|0.55|0.65;1.7000000000000002;0.2999999999999998;2;11300;0.00017699115044247788;0.8500000000000001;0.1499999999999999
137;2.0;0.5|0.5|0.6;1.6;0.3999999999999999;2;11300;0.00017699115044247788;0.8;0.19999999999999996
138;2.0;0.5|0.5|0.7;1.7;0.30000000000000004;2;11300;0.00017699115044247788;0.85;0.15000000000000002
145;2.0;0.5|0.6|0.9;2.0;0.0;2;11300;0.00017699115044247788;1.0;0.0
158;2.0;0.65|0.7|;1.35;0.6499999999999999;2;11300;0.00017699115044247788;0.675;0.32499999999999996
159;2.0;0.65|0.8|;1.4500000000000002;0.5499999999999998;2;11300;0.00017699115044247788;0.7250000000000001;0.2749999999999999
167;2.0;0.6|0.75|;1.35;0.6499999999999999;2;11300;0.00017699115044247788;0.675;0.32499999999999996
209;2.0;1.77;1.77;0.22999999999999998;2;11300;0.00017699115044247788;0.885;0.11499999999999999
211;2.0;1.7;1.7;0.30000000000000004;2;11300;0.00017699115044247788;0.85;0.15000000000000002
215;2.0;1.95;1.95;0.050000000000000044;2;11300;0.00017699115044247788;0.975;0.025000000000000022
47;2.0;0.35|0.35|0.5|0.5|;1.7;0.30000000000000004;1;11300;8.849557522123894e-05;0.85;0.15000000000000002
48;2.0;0.35|0.45|0.55;1.35;0.6499999999999999;1;11300;8.849557522123894e-05;0.675;0.32499999999999996
50;2.0;0.35|0.55|0.65;1.55;0.44999999999999996;1;11300;8.849557522123894e-05;0.775;0.22499999999999998
52;2.0;0.35|0.5|;0.85;1.15;1;11300;8.849557522123894e-05;0.425;0.575
53;2.0;0.35|0.65|0.75;1.75;0.25;1;11300;8.849557522123894e-05;0.875;0.125
57;2.0;0.35|0.7|0.8;1.8499999999999999;0.15000000000000013;1;11300;8.849557522123894e-05;0.9249999999999999;0.07500000000000007
60;2.0;0.35|1.0|;1.35;0.6499999999999999;1;11300;8.849557522123894e-05;0.675;0.32499999999999996
62;2.0;0.37|0.85|;1.22;0.78;1;11300;8.849557522123894e-05;0.61;0.39
63;2.0;0.3|0.35|0.65;1.2999999999999998;0.7000000000000002;1;11300;8.849557522123894e-05;0.6499999999999999;0.3500000000000001
64;2.0;0.3|0.35|;0.6499999999999999;1.35;1;11300;8.849557522123894e-05;0.32499999999999996;0.675
65;2.0;0.3|0.3|0.35|0.35|;1.2999999999999998;0.7000000000000002;1;11300;8.849557522123894e-05;0.6499999999999999;0.3500000000000001
66;2.0;0.3|0.3|0.55|0.55|;1.7;0.30000000000000004;1;11300;8.849557522123894e-05;0.85;0.15000000000000002
67;2.0;0.3|0.45|0.7;1.45;0.55;1;11300;8.849557522123894e-05;0.725;0.275
68;2.0;0.3|0.4|0.7;1.4;0.6000000000000001;1;11300;8.849557522123894e-05;0.7;0.30000000000000004
69;2.0;0.3|0.4|0.9;1.6;0.3999999999999999;1;11300;8.849557522123894e-05;0.8;0.19999999999999996
71;2.0;0.3|0.5|0.6;1.4;0.6000000000000001;1;11300;8.849557522123894e-05;0.7;0.30000000000000004
72;2.0;0.3|0.5|;0.8;1.2;1;11300;8.849557522123894e-05;0.4;0.6
73;2.0;0.3|0.65|0.9;1.85;0.1499999999999999;1;11300;8.849557522123894e-05;0.925;0.07499999999999996
75;2.0;0.3|0.6|0.65;1.5499999999999998;0.4500000000000002;1;11300;8.849557522123894e-05;0.7749999999999999;0.2250000000000001
76;2.0;0.3|0.6|0.7;1.5999999999999999;0.40000000000000013;1;11300;8.849557522123894e-05;0.7999999999999999;0.20000000000000007
78;2.0;0.3|0.75|;1.05;0.95;1;11300;8.849557522123894e-05;0.525;0.475
79;2.0;0.3|0.7|;1.0;1.0;1;11300;8.849557522123894e-05;0.5;0.5
80;2.0;0.3|1.1|;1.4000000000000001;0.5999999999999999;1;11300;8.849557522123894e-05;0.7000000000000001;0.29999999999999993
82;2.0;0.43|0.43|0.55|0.55|;1.9600000000000002;0.039999999999999813;1;11300;8.849557522123894e-05;0.9800000000000001;0.019999999999999907
84;2.0;0.45|0.55|0.6;1.6;0.3999999999999999;1;11300;8.849557522123894e-05;0.8;0.19999999999999996
87;2.0;0.45|0.5|0.55;1.5;0.5;1;11300;8.849557522123894e-05;0.75;0.25
88;2.0;0.45|0.5|0.65;1.6;0.3999999999999999;1;11300;8.849557522123894e-05;0.8;0.19999999999999996
90;2.0;0.45|0.65|0.75;1.85;0.1499999999999999;1;11300;8.849557522123894e-05;0.925;0.07499999999999996
94;2.0;0.45|0.7|0.75;1.9;0.10000000000000009;1;11300;8.849557522123894e-05;0.95;0.050000000000000044
97;2.0;0.45|1.0|;1.45;0.55;1;11300;8.849557522123894e-05;0.725;0.275
99;2.0;0.49;0.49;1.51;1;11300;8.849557522123894e-05;0.245;0.755
100;2.0;0.4|0.4|0.4|0.4|;1.6;0.3999999999999999;1;11300;8.849557522123894e-05;0.8;0.19999999999999996
101;2.0;0.4|0.4|0.4;1.2000000000000002;0.7999999999999998;1;11300;8.849557522123894e-05;0.6000000000000001;0.3999999999999999
104;2.0;0.4|0.55|0.7;1.65;0.3500000000000001;1;11300;8.849557522123894e-05;0.825;0.17500000000000004
116;2.0;0.4|0.75|;1.15;0.8500000000000001;1;11300;8.849557522123894e-05;0.575;0.42500000000000004
129;2.0;0.55|0.9|;1.4500000000000002;0.5499999999999998;1;11300;8.849557522123894e-05;0.7250000000000001;0.2749999999999999
130;2.0;0.55|1.0|;1.55;0.44999999999999996;1;11300;8.849557522123894e-05;0.775;0.22499999999999998
131;2.0;0.55|1.4|;1.95;0.050000000000000044;1;11300;8.849557522123894e-05;0.975;0.025000000000000022
134;2.0;0.5|0.55|;1.05;0.95;1;11300;8.849557522123894e-05;0.525;0.475
135;2.0;0.5|0.5|0.5|0.5|;2.0;0.0;1;11300;8.849557522123894e-05;1.0;0.0
139;2.0;0.5|0.5|0.8;1.8;0.19999999999999996;1;11300;8.849557522123894e-05;0.9;0.09999999999999998
141;2.0;0.5|0.65|0.7;1.8499999999999999;0.15000000000000013;1;11300;8.849557522123894e-05;0.9249999999999999;0.07500000000000007
142;2.0;0.5|0.65|;1.15;0.8500000000000001;1;11300;8.849557522123894e-05;0.575;0.42500000000000004
147;2.0;0.5|0.75|;1.25;0.75;1;11300;8.849557522123894e-05;0.625;0.375
160;2.0;0.65|0.9|;1.55;0.44999999999999996;1;11300;8.849557522123894e-05;0.775;0.22499999999999998
161;2.0;0.65|1.2|;1.85;0.1499999999999999;1;11300;8.849557522123894e-05;0.925;0.07499999999999996
165;2.0;0.6|0.6|0.8;2.0;0.0;1;11300;8.849557522123894e-05;1.0;0.0
171;2.0;0.6|0.9|;1.5;0.5;1;11300;8.849557522123894e-05;0.75;0.25
172;2.0;0.6|1.0|;1.6;0.3999999999999999;1;11300;8.849557522123894e-05;0.8;0.19999999999999996
173;2.0;0.6|1.1|;1.7000000000000002;0.2999999999999998;1;11300;8.849557522123894e-05;0.8500000000000001;0.1499999999999999
177;2.0;0.71;0.71;1.29;1;11300;8.849557522123894e-05;0.355;0.645
178;2.0;0.75|0.8|;1.55;0.44999999999999996;1;11300;8.849557522123894e-05;0.775;0.22499999999999998
179;2.0;0.75|1.0|;1.75;0.25;1;11300;8.849557522123894e-05;0.875;0.125
180;2.0;0.75|1.1|;1.85;0.1499999999999999;1;11300;8.849557522123894e-05;0.925;0.07499999999999996
182;2.0;0.79;0.79;1.21;1;11300;8.849557522123894e-05;0.395;0.605
183;2.0;0.7|0.75|;1.45;0.55;1;11300;8.849557522123894e-05;0.725;0.275
190;2.0;0.85;0.85;1.15;1;11300;8.849557522123894e-05;0.425;0.575
202;2.0;1.3;1.3;0.7;1;11300;8.849557522123894e-05;0.65;0.35
203;2.0;1.49;1.49;0.51;1;11300;8.849557522123894e-05;0.745;0.255
205;2.0;1.54;1.54;0.45999999999999996;1;11300;8.849557522123894e-05;0.77;0.22999999999999998
206;2.0;1.5;1.5;0.5;1;11300;8.849557522123894e-05;0.75;0.25
212;2.0;1.86;1.86;0.1399999999999999;1;11300;8.849557522123894e-05;0.93;0.06999999999999995
214;2.0;1.92;1.92;0.08000000000000007;1;11300;8.849557522123894e-05;0.96;0.040000000000000036
216;2.0;1.99;1.99;0.010000000000000009;1;11300;8.849557522123894e-05;0.995;0.0050000000000000044
217;2.0;1.9;1.9;0.10000000000000009;1;11300;8.849557522123894e-05;0.95;0.050000000000000044
36;1.8;1.63;1.63;0.17000000000000015;881;1958;0.44994892747701737;0.9055555555555554;0.09444444444444453
42;1.8;1.78;1.78;0.020000000000000018;497;1958;0.25383043922369763;0.9888888888888889;0.01111111111111112
28;1.8;0.9;0.9;0.9;111;1958;0.05669050051072523;0.5;0.5
20;1.8;0.6;0.6;1.2000000000000002;84;1958;0.04290091930541369;0.3333333333333333;0.6666666666666667
43;1.8;1.8;1.8;0.0;56;1958;0.028600612870275793;1.0;0.0
13;1.8;0.5;0.5;1.3;52;1958;0.026557711950970377;0.2777777777777778;0.7222222222222222
41;1.8;1.75;1.75;0.050000000000000044;42;1958;0.021450459652706845;0.9722222222222222;0.0277777777777778
3;1.8;0.4|0.5|;0.9;0.9;28;1958;0.014300306435137897;0.5;0.5
38;1.8;1.6;1.6;0.19999999999999996;28;1958;0.014300306435137897;0.888888888888889;0.11111111111111108
5;1.8;0.4;0.4;1.4;24;1958;0.012257405515832482;0.22222222222222224;0.7777777777777777
7;1.8;0.55|0.7|;1.25;0.55;22;1958;0.011235955056179775;0.6944444444444444;0.3055555555555556
33;1.8;1.4;1.4;0.40000000000000013;19;1958;0.009703779366700716;0.7777777777777777;0.2222222222222223
8;1.8;0.55;0.55;1.25;14;1958;0.007150153217568948;0.3055555555555556;0.6944444444444444
0;1.8;0.29;0.29;1.51;13;1958;0.006639427987742594;0.1611111111111111;0.8388888888888889
19;1.8;0.6|1.2|;1.7999999999999998;2.220446049250313e-16;13;1958;0.006639427987742594;0.9999999999999999;1.2335811384723962e-16
27;1.8;0.8;0.8;1.0;11;1958;0.0056179775280898875;0.4444444444444445;0.5555555555555556
1;1.8;0.2;0.2;1.6;9;1958;0.004596527068437181;0.11111111111111112;0.888888888888889
25;1.8;0.7;0.7;1.1;7;1958;0.003575076608784474;0.38888888888888884;0.6111111111111112
26;1.8;0.8|1.0|;1.8;0.0;6;1958;0.0030643513789581204;1.0;0.0
29;1.8;1.0;1.0;0.8;5;1958;0.002553626149131767;0.5555555555555556;0.4444444444444445
39;1.8;1.72;1.72;0.08000000000000007;5;1958;0.002553626149131767;0.9555555555555555;0.04444444444444448
10;1.8;0.5|0.6|;1.1;0.7;3;1958;0.0015321756894790602;0.6111111111111112;0.38888888888888884
31;1.8;1.2;1.2;0.6000000000000001;3;1958;0.0015321756894790602;0.6666666666666666;0.33333333333333337
34;1.8;1.53;1.53;0.27;3;1958;0.0015321756894790602;0.85;0.15
17;1.8;0.6|0.6|;1.2;0.6000000000000001;2;1958;0.0010214504596527069;0.6666666666666666;0.33333333333333337
23;1.8;0.75;0.75;1.05;2;1958;0.0010214504596527069;0.41666666666666663;0.5833333333333334
2;1.8;0.4|0.4|0.5|0.5|;1.8;0.0;1;1958;0.0005107252298263534;1.0;0.0
4;1.8;0.4|0.7|;1.1;0.7;1;1958;0.0005107252298263534;0.6111111111111112;0.38888888888888884
6;1.8;0.55|0.6|;1.15;0.6500000000000001;1;1958;0.0005107252298263534;0.6388888888888888;0.36111111111111116
9;1.8;0.5|0.6|0.7;1.8;0.0;1;1958;0.0005107252298263534;1.0;0.0
11;1.8;0.5|0.7|;1.2;0.6000000000000001;1;1958;0.0005107252298263534;0.6666666666666666;0.33333333333333337
12;1.8;0.5|1.0|;1.5;0.30000000000000004;1;1958;0.0005107252298263534;0.8333333333333333;0.16666666666666669
14;1.8;0.64|0.71|;1.35;0.44999999999999996;1;1958;0.0005107252298263534;0.75;0.24999999999999997
15;1.8;0.65|0.7|;1.35;0.44999999999999996;1;1958;0.0005107252298263534;0.75;0.24999999999999997
16;1.8;0.65;0.65;1.15;1;1958;0.0005107252298263534;0.3611111111111111;0.6388888888888888
18;1.8;0.6|1.0|;1.6;0.19999999999999996;1;1958;0.0005107252298263534;0.888888888888889;0.11111111111111108
21;1.8;0.71;0.71;1.09;1;1958;0.0005107252298263534;0.39444444444444443;0.6055555555555556
22;1.8;0.75|0.8|;1.55;0.25;1;1958;0.0005107252298263534;0.8611111111111112;0.1388888888888889
24;1.8;0.7|0.8|;1.5;0.30000000000000004;1;1958;0.0005107252298263534;0.8333333333333333;0.16666666666666669
30;1.8;1.24;1.24;0.56;1;1958;0.0005107252298263534;0.6888888888888889;0.3111111111111111
32;1.8;1.38;1.38;0.42000000000000015;1;1958;0.0005107252298263534;0.7666666666666666;0.23333333333333342
35;1.8;1.5;1.5;0.30000000000000004;1;1958;0.0005107252298263534;0.8333333333333333;0.16666666666666669
37;1.8;1.66;1.66;0.14000000000000012;1;1958;0.0005107252298263534;0.9222222222222222;0.07777777777777785
40;1.8;1.73;1.73;0.07000000000000006;1;1958;0.0005107252298263534;0.961111111111111;0.038888888888888924
